#E6E2AF,#A7A37E,#EFECCA,#046380,#002F2F
#468966,#FFF0A5,#FFB03B,#B64926,#8E2800
#FCFFF5,#D1DBBD,#91AA9D,#3E606F,#193441
#FF6138,#FFFF9D,#BEEB9F,#79BD8F,#00A388
#2C3E50,#E74C3C,#ECF0F1,#3498DB,#2980B9
#225378,#1695A3,#ACF0F2,#F3FFE2,#EB7F00
#105B63,#FFFAD5,#FFD34E,#DB9E36,#BD4932
#004358,#1F8A70,#BEDB39,#FFE11A,#FD7400
#DC3522,#D9CB9E,#374140,#2A2C2B,#1E1E20
#2E0927,#D90000,#FF2D00,#FF8C00,#04756F
#B9121B,#4C1B1B,#F6E497,#FCFAE1,#BD8D46
#703030,#2F343B,#7E827A,#E3CDA4,#C77966
#F6F792,#333745,#77C4D3,#DAEDE2,#EA2E49
#2F2933,#01A2A6,#29D9C2,#BDF271,#FFFFA6
#10222B,#95AB63,#BDD684,#E2F0D6,#F6FFE0
#332532,#644D52,#F77A52,#FF974F,#A49A87
#405952,#9C9B7A,#FFD393,#FF974F,#F54F29
#04BFBF,#CAFCD8,#F7E967,#A9CF54,#588F27
#2B3A42,#3F5765,#BDD4DE,#EFEFEF,#FF530D
#962D3E,#343642,#979C9C,#F2EBC7,#348899
#F2385A,#F5A503,#E9F1DF,#4AD9D9,#36B1BF
#63A69F,#F2E1AC,#F2836B,#F2594B,#CD2C24
#292929,#5B7876,#8F9E8B,#F2E6B6,#412A22
#3E454C,#2185C5,#7ECEFD,#FFF6E5,#FF7F66
#00585F,#009393,#FFFCC4,#F0EDBB,#FF3800
#96CA2D,#B5E655,#EDF7F2,#4BB5C1,#7FC6BC
#88A825,#35203B,#911146,#CF4A30,#ED8C2B
#1C1D21,#31353D,#445878,#92CDCF,#EEEFF7
#D8CAA8,#5C832F,#284907,#382513,#363942
#334D5C,#45B29D,#EFC94C,#E27A3F,#DF5A49
#85DB18,#CDE855,#F5F6D4,#A7C520,#493F0B
#CFC291,#FFF6C5,#A1E8D9,#FF712C,#695D46
#FF5335,#B39C85,#306E73,#3B424D,#1D181F
#96CEB4,#FFEEAD,#FF6F69,#FFCC5C,#AAD8B0
#6B0C22,#D9042B,#F4CB89,#588C8C,#011C26
#354242,#ACEBAE,#FFFF9D,#C9DE55,#7D9100
#16193B,#35478C,#4E7AC7,#7FB2F0,#ADD5F7
#304269,#91BED4,#D9E8F5,#FFFFFF,#F26101
#2F2933,#01A2A6,#29D9C2,#BDF271,#FFFFA6
#F9E4AD,#E6B098,#CC4452,#723147,#31152B
#6C6E58,#3E423A,#417378,#A4CFBE,#F4F7D9
#E1E6FA,#C4D7ED,#ABC8E2,#375D81,#183152
#2C3E50,#FC4349,#D7DADB,#6DBCDB,#FFFFFF
#5C4B51,#8CBEB2,#F2EBBF,#F3B562,#F06060
#DDDCC5,#958976,#611427,#1D2326,#6A6A61
#00261C,#044D29,#168039,#45BF55,#96ED89
#002635,#013440,#AB1A25,#D97925,#EFE7BE
#E8E595,#D0A825,#40627C,#26393D,#FFFAE4
#272F32,#9DBDC6,#FFFFFF,#FF3D2E,#DAEAEF
#801637,#047878,#FFB733,#F57336,#C22121
#FF8000,#FFD933,#CCCC52,#8FB359,#192B33
#36362C,#5D917D,#A8AD80,#E6D4A7,#825534
#588C7E,#F2E394,#F2AE72,#D96459,#8C4646
#5E0042,#2C2233,#005869,#00856A,#8DB500
#002F32,#42826C,#A5C77F,#FFC861,#C84663
#B0CC99,#677E52,#B7CA79,#F6E8B1,#89725B
#52656B,#FF3B77,#CDFF00,#FFFFFF,#B8B89F
#334D5C,#45B29D,#EFC94C,#E27A3F,#DF5A49
#174C4F,#207178,#FF9666,#FFE184,#F5E9BE
#B8ECD7,#083643,#B1E001,#CEF09D,#476C5E
#730046,#BFBB11,#FFC200,#E88801,#C93C00
#E64661,#FFA644,#998A2F,#2C594F,#002D40
#6A7059,#FDEEA7,#9BCC93,#1A9481,#003D5C
#450003,#5C0002,#94090D,#D40D12,#FF1D23
#C24704,#D9CC3C,#FFEB79,#A0E0A9,#00ADA7
#211426,#413659,#656F8C,#9BBFAB,#F2EFDF
#004056,#2C858D,#74CEB7,#C9FFD5,#FFFFCB
#5A1F00,#D1570D,#FDE792,#477725,#A9CC66
#D5FBFF,#9FBCBF,#647678,#2F3738,#59D8E6
#484A47,#C1CE96,#ECEBF0,#687D77,#353129
#F2F2F2,#C6E070,#91C46C,#287D7D,#1C344D
#1A1F2B,#30395C,#4A6491,#85A5CC,#D0E4F2
#25064D,#36175E,#553285,#7B52AB,#9768D1
#705B35,#C7B07B,#E8D9AC,#FFF6D9,#570026
#42282F,#74A588,#D6CCAD,#DC9C76,#D6655A
#3FB8AF,#7FC7AF,#DAD8A7,#FF9E9D,#FF3D7F
#CFCA4C,#FCF5BF,#9FE5C2,#5EB299,#745A33
#F6B1C3,#F0788C,#DE264C,#BC0D35,#A20D1E
#0F2D40,#194759,#296B73,#3E8C84,#D8F2F0
#FFBC67,#DA727E,#AC6C82,#685C79,#455C7B
#CC3910,#F1F2C0,#CCC59E,#8FA68E,#332F29
#776045,#A8C545,#DFD3B6,#FFFFFF,#0092B2
#FFFFFF,#AEAEAE,#E64C66,#2D3E50,#1BBC9B
#1B1D26,#425955,#778C7A,#F1F2D8,#BFBD9F
#002A4A,#17607D,#FFF1CE,#FF9311,#D64700
#F7F2B2,#ADCF4F,#84815B,#4A1A2C,#8E3557
#003056,#04518C,#00A1D9,#47D9BF,#F2D03B
#FF6600,#C13B00,#5E6D70,#424E4F,#1B1D1E
#597533,#332F28,#61B594,#E6DEA5,#C44E18
#14A697,#F2C12E,#F29D35,#F27649,#F25252
#3399CC,#67B8DE,#91C9E8,#B4DCED,#E8F8FF
#E83A25,#FFE9A3,#98CC96,#004563,#191B28
#E0FFB3,#61C791,#31797D,#2A2F36,#F23C55
#5C4B51,#8CBEB2,#F2EBBF,#F3B562,#F06060
#E6DD00,#8CB302,#008C74,#004C66,#332B40
#289976,#67CC8E,#B1FF91,#FFE877,#FF5600
#56626B,#6C9380,#C0CA55,#F07C6C,#AD5472
#1A212C,#1D7872,#71B095,#DEDBA7,#D13F32
#3F0B1B,#7A1631,#CF423C,#FC7D49,#FFD462
#302B1D,#3F522B,#737D26,#A99E46,#D9CB84
#FCFAD0,#A1A194,#5B605F,#464646,#A90641
#32450C,#717400,#DC8505,#EC5519,#BE2805
#C7B773,#E3DB9A,#F5FCD0,#B1C2B3,#778691
#7D2A35,#CC9258,#917A56,#B4BA6C,#FEFFC2
#00305A,#004B8D,#0074D9,#4192D9,#7ABAF2
#262526,#404040,#8C8979,#F2F2F2,#F60A20
#EB5937,#1C1919,#403D3C,#456F74,#D3CBBD
#3CBAC8,#93EDD4,#F3F5C4,#F9CB8F,#F19181
#092140,#024959,#F2C777,#F24738,#BF2A2A
#2F3540,#666A73,#F2EDE4,#D9D1C7,#8C8681
#2D112C,#530031,#820233,#CA293E,#EF4339
#2F3837,#C5C7B6,#FFF8D3,#4C493E,#222028
#F2385A,#F5A503,#E9F1DF,#56D9CD,#3AA1BF
#261F27,#FEE169,#CDD452,#F9722E,#C9313D
#0C273D,#54D0ED,#FFFEF1,#70B85D,#2C5E2E
#57385C,#A75265,#EC7263,#FEBE7E,#FFEDBC
#98A89E,#BAC0AC,#FAFAC6,#FF4411,#D40015
#E3CBAC,#9C9985,#C46D3B,#788880,#324654
#FF2151,#FF7729,#FFAD29,#FFEBCA,#1AB58A
#404040,#024959,#037E8C,#F2EFDC,#F24C27
#14212B,#293845,#4F6373,#8F8164,#D9D7AC
#FEFFFF,#3C3F36,#9FB03E,#EBE9DC,#72918B
#FFFFFF,#E5E1D1,#52616D,#2C343B,#C44741
#EF5411,#FA5B0F,#FF6517,#FF6D1F,#FF822E
#0092C7,#9FE0F6,#F3E59A,#F3B59B,#F29C9C
#CDDEC6,#4DAAAB,#1E4F6A,#2A423C,#93A189
#FFAA5C,#DA727E,#AC6C82,#685C79,#455C7B
#292929,#2BBFBD,#F2B33D,#F29B30,#F22E2E
#0E3D59,#88A61B,#F29F05,#F25C05,#D92525
#C4D4CB,#55665E,#30282A,#542733,#E84167
#D74B4B,#DCDDD8,#475F77,#354B5E,#FFFFFF
#006D8D,#008A6E,#549E39,#8AB833,#C0CF3A
#41434A,#6E9489,#DEDCC3,#F2F1E9,#877963
#73603D,#BF8A49,#F2CA80,#5E5A59,#0D0D0D
#96526B,#D17869,#EBAD60,#F5CF66,#8BAB8D
#282E33,#25373A,#164852,#495E67,#FF3838
#FFF6C9,#C8E8C7,#A4DEAB,#85CC9F,#499E8D
#3D4C53,#70B7BA,#F1433F,#E7E1D4,#FFFFFF
#979926,#38CCB5,#EEFF8E,#FFD767,#CC2A09
#425957,#81AC8B,#F2E5A2,#F89883,#D96666
#313732,#8AA8B0,#DEDEDE,#FFFFFF,#F26101
#F2F2F2,#BF0404,#8C0303,#590202,#400101
#133463,#365FB7,#799AE0,#F4EFDC,#BA9B65
#0D1C33,#17373C,#2B6832,#4F9300,#A1D700
#94B34D,#D3FF82,#363D52,#121D2B,#111B1C
#112F41,#068587,#4FB99F,#F2B134,#ED553B
#3B596A,#427676,#3F9A82,#A1CD73,#ECDB60
#49404F,#596166,#D1FFCD,#A9BD8B,#948A54
#FFFEFC,#E2E3DF,#515B5E,#2E3233,#CAF200
#1B2B32,#37646F,#A3ABAF,#E1E7E8,#B22E2F
#FFF6B8,#ABCCA7,#403529,#7A5E2F,#A68236
#0B3C4D,#0E5066,#136480,#127899,#1A8BB3
#002E40,#2A5769,#FFFFFF,#FABD4A,#FA9600
#4F1025,#C5003E,#D9FF5B,#78AA00,#15362D
#BDDFB3,#2BAA9C,#2F2E2E,#0F2625,#465F3F
#AF7575,#EFD8A1,#BCD693,#AFD7DB,#3D9CA8
#212B40,#C2E078,#FFFFFF,#BADCDD,#547B97
#22475E,#75B08A,#F0E797,#FF9D84,#FF5460
#C1E1ED,#76C7C6,#273D3B,#131A19,#E35C14
#325A66,#FFF8B2,#DEA140,#A32B26,#590D0B
#012530,#28544B,#ACBD86,#FFD6A0,#FF302C
#C5D9B2,#53A194,#572C2C,#3D2324,#695A3B
#76A19A,#272123,#A68D60,#B0C5BB,#D9593D
#B33600,#FF8A00,#FFC887,#CC5400,#B31E00
#222130,#464D57,#D4E8D3,#FFFCFB,#ED8917
#5C2849,#A73E5C,#EC4863,#FF733F,#FFD285
#024959,#037E8C,#FFFFFA,#F24C27,#5F5448
#2C3E50,#FC4349,#6DBCDB,#D7DADB,#FFFFFF
#5C2849,#A73E5C,#EC4863,#FFDA66,#1FCECB
#F2E6CE,#8AB39F,#606362,#593325,#1D1D1F
#302B2F,#696153,#FFA600,#9BB58F,#FFD596
#70E8CB,#FFE9C7,#FF5B5B,#545454,#2D2D2F
#334D5C,#45B29D,#EFC94C,#E27A3F,#DF4949
#2E95A3,#50B8B4,#C6FFFA,#E2FFA8,#D6E055
#17111A,#321433,#660C47,#B33467,#CCBB51
#202B30,#4E7178,#4FA9B8,#74C0CF,#F1F7E2
#0EEAFF,#15A9FA,#1B76FF,#1C3FFD,#2C1DFF
#524656,#CF4747,#EA7A58,#E4DCCB,#A6C4BC
#023B47,#295E52,#F2E085,#FCAB55,#EE7F38
#F7E4A2,#A7BD5B,#DC574E,#8DC7B8,#ED9355
#2B2E2E,#595855,#A2ABA5,#CAE6E8,#313F54
#458C6B,#F2D8A7,#D9A86C,#D94436,#A62424
#302C29,#D1D1BC,#A7C4BB,#6C8C84,#466964
#1B1E26,#F2EFBD,#B6D051,#70A99A,#2F6D7A
#2B3A42,#3F5765,#BDD4DE,#EFEFEF,#E74C3C
#FFA340,#38001C,#571133,#017A74,#00C2BA
#F0C755,#E2AD3B,#BF5C00,#901811,#5C110F
#FFFBDC,#BFBCA5,#7F7D6E,#3F3E37,#E5E2C6
#35262D,#FFFBFF,#E8ECED,#A4B7BB,#76A0B0
#FFE2C5,#FFEEDD,#FFDDAA,#FFC484,#FFDD99
#404040,#024959,#037E8C,#F2EFDC,#F24C27
#3B3B3B,#A8877E,#FFA49D,#FF7474,#FF476C
#E1E6B9,#C4D7A4,#ABC8A4,#375D3B,#183128
#CFF09E,#A8DBA8,#79BD9A,#3B8686,#0B486B
#324152,#47535E,#796466,#C1836A,#DEA677
#468071,#FFE87A,#FFCA53,#FF893B,#E62738
#3E3947,#735360,#D68684,#F1B0B0,#EBD0C4
#003647,#00717D,#F2D8A7,#A4A66A,#515932
#0A3A4A,#196674,#33A6B2,#9AC836,#D0E64B
#010712,#13171F,#1C1F26,#24262D,#961227
#61E8D2,#FCEEB9,#302F25,#704623,#BBE687
#C74029,#FAE8CD,#128085,#385052,#F0AD44
#3C989E,#5DB5A4,#F4CDA5,#F57A82,#ED5276
#F15A5A,#F0C419,#4EBA6F,#2D95BF,#955BA5
#686E75,#9BAAC1,#82787B,#E4F1DB,#AAC19B
#010000,#393845,#9B96A3,#5C0009,#940315
#F0E6B1,#B5D6AA,#99A37A,#70584B,#3D3536
#D23600,#D95100,#DE6D00,#EE8900,#FCA600
#FFFFE4,#F2E5BD,#B9BF8E,#A69F7C,#8C6865
#F78F00,#C43911,#75003C,#37154A,#0F2459
#FAFAC0,#C4BE90,#8C644C,#594D37,#293033
#2F400D,#8CBF26,#A8CA65,#E8E5B0,#419184
#003840,#005A5B,#007369,#008C72,#02A676
#F34A53,#FAE3B4,#AAC789,#437356,#1E4147
#DCEBDD,#A0D5D6,#789AA1,#304345,#AD9A27
#4F3130,#FF1F3D,#5BE3E3,#FDFFF1,#8B9698
#036F73,#84CDC2,#FEF2D8,#F18C79,#EF504F
#003B59,#00996D,#A5D900,#F2E926,#FF930E
#F5ECD9,#2BACB5,#B4CCB9,#E84D5B,#3B3B3B
#0A7B83,#2AA876,#FFD265,#F19C65,#CE4D45
#588C7E,#F2E394,#F2AE72,#D96459,#8C4646
#23A38F,#B7C11E,#EFF1C2,#F0563D,#2E313D
#FDFF98,#A7DB9E,#211426,#6B073B,#DA8C25
#5C8A2D,#AFD687,#FFFFFF,#00C3A9,#008798
#A8BAA9,#FFF5CF,#DBCDAD,#B39C7D,#806854
#FFFFFA,#A1A194,#5B605F,#464646,#FF6600
#F41C54,#FF9F00,#FBD506,#A8BF12,#00AAB5
#E0401C,#E6B051,#272F30,#F7EDB7,#9E2B20
#012340,#026873,#83A603,#BBBF45,#F2F0CE
#343844,#2AB69D,#E65848,#FDC536,#FCF2D7
#A3D9B0,#93BF9E,#F2F0D5,#8C8474,#40362E
#21455B,#567D8C,#A59E8C,#8C8372,#F2F2F2
#420000,#600000,#790000,#931111,#BF1616
#A5EB3C,#60C21E,#159E31,#53DB50,#C5FFCB
#003354,#91BED4,#D9E8F5,#FFFFFF,#F26101
#2A7A8C,#176273,#063540,#E6D9CF,#403D3A
#00A19A,#04BF9D,#F2E85C,#F53D54,#404040
#002F36,#142426,#D1B748,#EDDB43,#FFFD84
#0A111F,#263248,#7E8AA2,#E3E3E3,#C73226
#174040,#888C65,#D9CA9C,#D98162,#A65858
#59535E,#FAEEFF,#F1BAF3,#5D4970,#372049
#3DA8A4,#7ACCBE,#FFFFF7,#FF99A1,#FF5879
#000000,#910000,#CBB370,#FFFBF1,#21786C
#56797F,#87A0A4,#FCFBDC,#F2DDB6,#A6937C
#7BA3A8,#F4F3DE,#BEAD92,#F35A4A,#5B4947
#FFBE00,#FFDC00,#FFD10F,#FFDE20,#E8CA00
#E34517,#F5FF53,#B4E85E,#00BD72,#0B4239
#5D7370,#7FA6A1,#B8D9B8,#D6EDBD,#FFF5BC
#11151E,#212426,#727564,#B9AA81,#690C07
#60655F,#AB9675,#FFE0C9,#D4CCBA,#CF8442
#E1E6FA,#C4D7ED,#ABC8E2,#375D81,#183152
#BDDFB3,#009D57,#2C372E,#0F2925,#465F3F
#3B3140,#BFB8A3,#F2E0C9,#F2B9AC,#D97E7E
#A84B3A,#FF9F67,#233138,#FFF7F5,#4C646B
#EBD096,#D1B882,#5D8A66,#1A6566,#21445B
#5ADED4,#4DAAAB,#26596A,#163342,#6C98A1
#FFFFFF,#F4921E,#858585,#C5D2DB,#3E6B85
#F00807,#5F6273,#A4ABBF,#CCC9D1,#E2E1E9
#E8E8E7,#57B196,#FFD25A,#FF837B,#362F3C
#1D2939,#1CAF9A,#FFFFFF,#EE6456,#D1DC48
#FF6F22,#D9984F,#FFE8A9,#3E4237,#32948A
#64C733,#F0F0F0,#3E879E,#57524D,#36302B
#0C274D,#18709C,#19BDC4,#FFF6EE,#EF4089
#334D5C,#45B29D,#EFC94C,#E27A3F,#DF5A49
#152737,#2B4E69,#799AA5,#FFFFF0,#682321
#00132B,#7F9DB0,#C5E2ED,#FFFFFF,#F95900
#FFEBB0,#FFB05A,#F84322,#C33A1A,#9F3818
#1A2530,#2C3E50,#34495E,#E74C3C,#FFFFFF
#C44C51,#FFB6B8,#FFEFB6,#A2B5BF,#5F8CA3
#19162B,#1C425C,#6ABDC4,#F0E4C5,#D6C28F
#0067A6,#00ABD8,#008972,#EFC028,#F2572D
#BA2F1D,#FFF8A4,#F5E67F,#264A59,#1E2C30
#3D4D4D,#99992E,#E6E666,#F2FFBF,#800033
#011826,#023859,#03658C,#049DBF,#F1F2EB
#1B3E59,#F2F0F0,#FFAC00,#BF0404,#730202
#DE3961,#A4E670,#FFFFDC,#B3EECC,#00ADA7
#506D7D,#94CCB9,#FFECA7,#FFB170,#F07D65
#A82221,#DB5E31,#EDA23E,#F2CB67,#BFB840
#43464D,#9197A6,#D3DCF2,#7690CF,#48577D
#E7F2DF,#69043B,#59023B,#231E2D,#161726
#EFDFBB,#9EBEA6,#335D6A,#D64F2A,#7A8A7F
#4D2B2F,#E57152,#E8DE67,#FFEFC3,#C0CCAB
#2C3E50,#E74C3C,#ECF0F1,#3498DB,#646464
#00585F,#009393,#F5F3DC,#454445,#FF5828
#075807,#097609,#70AF1A,#B9D40B,#E5EB0B
#1F3642,#6D968D,#B6CCB8,#FFE2B3,#56493F
#F5F4E1,#D6C9B5,#B4AA97,#D44917,#82877A
#FF6138,#FFFF9D,#BEEB9F,#79BD8F,#00A388
#170F0E,#290418,#505217,#FFD372,#FFF1AF
#ED3B3B,#171F26,#77B59C,#F2E7B1,#635656
#849972,#D9D094,#A6A23E,#4F2F1D,#8F5145
#053B44,#06736C,#A53539,#B9543C,#EAD075
#B70000,#FFFFFF,#FFCA3D,#94C4F4,#0092B3
#012744,#155764,#588681,#8C9C88,#F2DBAE
#351330,#CC2A41,#E7CAA4,#759A8A,#524549
#DE7047,#FFDE8D,#FFFFFF,#CDDE47,#528540
#000001,#313634,#C7CECF,#5C0402,#941515
#041F3D,#0B2E41,#165751,#448C61,#9AC16D
#E9662C,#EBAF3C,#00AC65,#068894,#2B2B2B
#013859,#185E65,#F9CC7F,#F15C25,#9E1617
#F1E6D4,#BA3D49,#791F33,#9F9694,#E3E1DC
#261F26,#3F3B40,#6C7367,#BFBF8A,#F2E086
#78C0F9,#FFDDCE,#FFFFFF,#FFDBE6,#FE86A4
#A60039,#FF004E,#1BE7DC,#39C0BA,#2CA396
#E82B1E,#E5DEAF,#A0B688,#557A66,#453625
#FF5B2B,#B1221C,#34393E,#8CC6D7,#FFDA8C
#46483C,#A0AA8F,#EBE3CB,#FFFFFF,#F26101
#5FB0A8,#7FB09D,#98B08D,#ACB08D,#C0B08D
#46594B,#A6977C,#D9B384,#734F30,#260B01
#EA6045,#F8CA4D,#F5E5C0,#3F5666,#2F3440
#FE4365,#FC9D9A,#F9CDAD,#C8C8A9,#83AF9B
#8EAB99,#40232B,#D95829,#D97338,#DEC085
#CED59F,#F1EDC0,#B1BEA4,#647168,#282828
#DCFAC0,#B1E1AE,#85C79C,#56AE8B,#00968B
#F95759,#FDA099,#FFFFFF,#D9F3CB,#8AC2B0
#36CC7C,#D6FFBE,#94D794,#228765,#77A668
#521000,#712800,#744E1D,#879666,#F1D98C
#E1DA36,#FFEA1B,#6FE4DA,#1DB0BC,#007BBC
#F16233,#00B5B5,#F0F0F0,#3E4651,#5C6D7E
#E15B64,#F27F62,#FBB36B,#ABBC85,#849B89
#990700,#CC542E,#FF964F,#FFCB7C,#787730
#3DBB7E,#A3CD39,#FBAC1D,#F96C1E,#EE4036
#323640,#5B6470,#8C94A1,#BDC7D6,#DFE2FF
#F16663,#F48D6C,#F2E07B,#8ABE9B,#4A6D8B
#002A4A,#17607D,#FFF1CE,#FF9311,#E33200
#00393B,#00766C,#44A18E,#E5EDB6,#F6695B
#F34A53,#FAE3B4,#AAC789,#437356,#1E4147
#334D5C,#45B29D,#EFC94C,#E27A3F,#DF4949
#2E806C,#76CC99,#E0FFED,#FF5F3A,#D2413C
#FFFFFF,#E5E1D1,#52616D,#2C343B,#C44741
#3F4036,#8DA681,#F2E1C2,#BF2806,#8C1D04
#DEE8D7,#918773,#420A1A,#240001,#4D493A
#734854,#F2F2E9,#D9D7C5,#A69580,#736766
#08A689,#82BF56,#C7D93D,#E9F2A0,#F2F2F2
#195073,#7F8C1F,#EE913F,#F2E5BD,#9FD7C7
#4C2916,#F05A28,#FBAF3F,#38B449,#FFFFFF
#94201F,#D4421F,#478A80,#D9E061,#F08835
#010340,#0E1E8C,#0003C7,#1510F0,#1441F7
#FFFFF1,#D5FF9B,#8FB87F,#5A7B6C,#374E5A
#1D7561,#FC8448,#FF4138,#A8282B,#38141B
#3D0D26,#660A3E,#891C56,#B0276F,#C93482
#082136,#00294D,#004B8D,#0068C4,#2998FF
#FE4365,#FC9D9A,#F9CDAD,#C8C8A9,#83AF9B
#FFE1D0,#FFBFB4,#FF837E,#FF4242,#BF1616
#012D41,#1BA5B8,#DAECF3,#FF404E,#1CA5B8
#FA8C01,#FF6405,#577700,#082400,#A0A600
#023550,#028A9E,#04BFBF,#EFEFEF,#FF530D
#FFFFFF,#CAC535,#97AF25,#158471,#41342C
#555555,#7BB38E,#F4F1D7,#F8AB65,#F15C4C
#2C3E50,#FC4349,#D7DADB,#6DBCDB,#FFFFFF
#556354,#E68F0D,#8C948A,#495450,#42423F
#58838C,#DAD7C7,#BF996B,#BF5841,#A61C1C
#FF534E,#FFD7AC,#BED194,#499989,#176785
#23363B,#A44F3F,#F8983D,#8D9151,#BBC946
#2C3E50,#FC4349,#6DBCDB,#D7DADB,#FFFFFF
#001325,#187072,#90BD90,#D7D8A2,#F2E4C2
#1A4F63,#068587,#6FB07F,#FCB03C,#FC5B3F
#4B5657,#969481,#D2C9B0,#F4E3C1,#B6B835
#324032,#B7C22C,#FFFFE1,#22A8B5,#2A3F42
#0F3D48,#174C5B,#366774,#ECECE7,#E96151
#1D1626,#F2E0BD,#BFAA8F,#8C786C,#594C4C
#C8DBB6,#ECEBB7,#CCC68A,#B8B165,#827A5D
#332F45,#015770,#2A8782,#9FD6AE,#FFFED2
#3C4631,#9A746F,#F8A2AB,#F1C6B3,#EAE9C0
#871E31,#CCC097,#9E9D7B,#687061,#262626
#B8E1F2,#249AA7,#ABD25E,#F8C830,#F1594A
#060719,#4D1B2F,#9E332E,#EB6528,#FC9D1C
#344459,#485F73,#5DA6A6,#A9D9CB,#F2EAD0
#BF0633,#FF484E,#FF9273,#D1D0B4,#E5ECED
#E8574C,#F27B29,#E6A51B,#D9CC3C,#399977
#665446,#809994,#AECCB6,#DEF2C4,#E6683F
#1D3C42,#67BFAD,#F2EC99,#F2C48D,#F25050
#013C4D,#BA5B22,#DB913C,#F0B650,#FAD46B
#03497E,#0596D5,#9DEBFC,#8D7754,#FEB228
#DA0734,#F1A20D,#4AABB1,#FCF3E7,#3F1833
#008B83,#4DAE83,#A0AE79,#FFE499,#FF665E
#00305A,#00448D,#0074D9,#4192D9,#7ABAF2
#293B47,#5F7A87,#FFFFFF,#CBFF48,#00ADA9
#18293B,#5B5A56,#F2DEA0,#D0B580,#FFFBFF
#143840,#5C6B63,#A69E89,#E0C297,#D96523
#8E9E63,#E6DBB0,#F5EED7,#C4BCA0,#176573
#001F11,#204709,#0C8558,#FFD96A,#FF4533
#849696,#FEFFFB,#232D33,#17384D,#FF972C
#97B350,#333230,#736D61,#BAAB90,#FFE5BA
#202D44,#FC4349,#6DBCDB,#D7DADB,#FFFFFF
#FDEDD0,#BCF1ED,#FF634D,#FD795B,#FFF0AA
#BF355D,#ED8168,#FAB66A,#F2DC86,#83BFA1
#E6F1F5,#636769,#AAB3B6,#6E7476,#4B4E50
#112F41,#068587,#4FB99F,#F2B134,#ED553B
#C4EEFF,#7BA32D,#094201,#A41717,#C48726
#F8555E,#4C6A8D,#0C9DA9,#FBC38D,#F14440
#B3A589,#FFB896,#FFF9B1,#9AB385,#11929E
#7DA88C,#EBE9A0,#BED24B,#859132,#35323C
#42282E,#75A48B,#D9CFB0,#DC9B74,#D6665A
#C71B1B,#D6BA8A,#017467,#E08F23,#0B0D0C
#96CEB4,#FFEEAD,#FF6F69,#FFCC5C,#AAD8B0
#CA3995,#F58220,#FFDF05,#BED73D,#61BC46
#02151A,#043A47,#087891,#C8C8C8,#B31D14
#324452,#97BDBF,#F2DFBB,#F28705,#BF3604
#435772,#2DA4A8,#FEAA3A,#FD6041,#CF2257
#352C2B,#3C555C,#9E9657,#FFEBCD,#CD5510
#212226,#45433F,#687067,#BDBB99,#F0EAC3
#CC3B37,#398899,#FFFCE8,#FF857F,#CCC1A3
#594732,#40342A,#7A422E,#D4CA9A,#EDE5AE
#474143,#A69E9D,#E7E2DA,#FFFFFF,#E7E8E7
#DB6968,#22C3AA,#305066,#0EA8E3,#CFE6FF
#F0E14C,#FFBB20,#FA7B12,#E85305,#59CC0D
#000000,#141414,#1C1919,#1A1716,#24201F
#3D8080,#628282,#858383,#A38282,#C28080
#5F8A42,#86AD59,#F6FAA1,#F28410,#D66011
#E8980C,#B1F543,#F2FF00,#FF5E00,#59BBAB
#282A33,#697371,#FFE7A6,#F5BA52,#FA8000
#5D7359,#E0D697,#D6AA5C,#8C5430,#661C0E
#EEEFB9,#6ACFAE,#369C93,#232928,#B03831
#5C4B51,#8CBEB2,#F2EBBF,#F3B562,#F06060
#161E3E,#285171,#82C0AF,#DAD4B9,#D8B368
#C8385A,#FFCF48,#ECEABE,#1FCECB,#1CA9C9
#6DD19D,#99E89D,#D0E8A1,#FFF9C0,#D40049
#0A3A4A,#196A73,#32A6A6,#A1BF36,#C8D94A
#05F2F2,#04BFBF,#EEF1D9,#A60201,#7E100E
#33262E,#733230,#CC5539,#E6D27F,#86A677
#30394F,#FF434C,#6ACEEB,#EDE8DF,#FFFBED
#FFCD4A,#E6503B,#6AACB8,#E5E4C7,#FFFFEA
#150033,#310D42,#5C2445,#AB6946,#FFCE4C
#6EC1A5,#9FBEA6,#F5D3A3,#FF9F88,#FB7878
#FAF1D5,#DEC9AC,#CCA18B,#11282D,#A5C4BB
#65A683,#218777,#3F585F,#47384D,#F53357
#122430,#273E45,#FFFCE2,#EBD2B5,#E63531
#B52841,#FFC051,#FF8939,#E85F4D,#590051
#DFE0AF,#A4BAA2,#569492,#41505E,#383245
#F2DA91,#F2B950,#F29D35,#D96704,#BF4904
#FFF3D2,#97B48F,#E87657,#FF9B6F,#E8D495
#73161E,#BF0F30,#BFB093,#037F8C,#0A2140
#D60000,#FF530D,#FFC801,#93C700,#0E99DA
#7B2A3B,#E57661,#F8C58C,#F8E7A2,#86DDB2
#403D33,#807966,#CCC2A3,#8C0000,#590000
#43464D,#9197A6,#D3DCF2,#7690CF,#48577D
#FFF7CC,#CCC28F,#70995C,#33664D,#142933
#112F41,#068587,#6FB07F,#FCB03C,#FC5B3F
#E9F29D,#B7C29D,#878E8F,#67617A,#51456B
#FF2468,#E0D4B1,#FFFFE3,#00A5A6,#005B63
#334D5C,#45B29D,#EFC94C,#E27A3F,#DF4949
#D5D8DD,#5CA2BE,#135487,#2A4353,#989DA4
#09455C,#527E7C,#F5FFCC,#E0EB6E,#C4D224
#FA2B31,#FFBF1F,#FFF146,#ABE319,#00C481
#4385F5,#DC4437,#FCBE1F,#109D59,#FFFFFF
#A2CFA5,#E0E7AB,#F5974E,#E96B56,#D24344
#EFC164,#F3835D,#F35955,#286275,#00434C
#8B4B62,#BB6F6B,#EA9674,#FCBC80,#F7E29C
#707864,#C1D74E,#F5FF7C,#DFE6B4,#A6B89C
#23A38F,#B7C11E,#EFF1C2,#F0563D,#2E313D
#FA726C,#FFD794,#BAD174,#3BA686,#5F6F8C
#000623,#28475C,#4A6C74,#8BA693,#F0E3C0
#6F8787,#AEC2AE,#E6DFAE,#B0B57B,#888F51
#DB073D,#EDE5F4,#8EC7D2,#0D6986,#07485B
#0C304A,#2B79A1,#F3F4F1,#85A71E,#BFD841
#523631,#D1BE91,#605E3A,#4D462F,#592F39
#DB4C39,#2D3638,#109489,#44D487,#D0DB86
#473C35,#A36D5C,#9C968B,#D9CEAD,#8A866A
#91D6BC,#768C6A,#755F31,#B37215,#FFBA4B
#195962,#F56F6C,#FFFFFF,#252932,#191C21
#FFC62D,#E49400,#DD5200,#EFE38A,#91B166
#CFF09E,#A8DBA8,#79BD9A,#3B8686,#0B486B
#0B2C3C,#FF6666,#DADFE1,#FFFFFF,#444444
#F2E6BB,#DD4225,#202724,#63BD99,#F8FDD8
#1A222F,#008E74,#B2E097,#FFE9AD,#D24335
#292C44,#FF5349,#F0F0F1,#18CDCA,#4F80E1
#DEDE91,#EF9950,#F34E52,#C91452,#492449
#541E32,#8E3557,#88A33E,#C2BD86,#F7F2B2
#E65322,#D19552,#B8BF73,#B6DB83,#FFF991
#F0F1F2,#232625,#647362,#B3D929,#D2D9B8
#2F252C,#D3CCB2,#99AD93,#6E6751,#5C3122
#BE333F,#F2E9CE,#C8C5B1,#939F88,#307360
#1D8281,#44BF87,#FBD258,#F29A3F,#DB634F
#009D84,#39BCA4,#F1EEDA,#4C565E,#E75244
#362F2D,#4C4C4C,#94B73E,#B5C0AF,#FAFDF2
#453F22,#7A6B26,#CCAD5C,#A1191F,#4E1716
#FFE2C5,#FFEEDD,#FFDDAA,#FFC484,#FFDD99
#3FB8AF,#7FC7AF,#DAD8A7,#FFB38B,#FF3F34
#26140C,#3D2216,#784E3D,#AB8574,#D6BCB1
#C89B41,#A16B2B,#77312B,#1C2331,#152C52
#FFEBC3,#CC3A00,#FF3600,#FF851B,#800C00
#475159,#839795,#B2BDB7,#CCC9C0,#F2F2F2
#002635,#013440,#AB1A25,#D97925,#EFE7BE
#F06060,#FA987D,#F7F2CB,#72CCA7,#10A296
#302B26,#A6B827,#EDE9DD,#98D3D4,#594E7A
#1A413C,#7CC699,#F3E4C2,#F37A5A,#EF4926
#00CD73,#008148,#2D9668,#3ECD8E,#004E2C
#8EC447,#FFFFFF,#96D3D4,#636466,#2D2D2E
#2D1E1E,#4B3C37,#96A576,#CDE196,#FFFFBE
#CC4D00,#E6CF73,#668059,#264D4D,#00CCB3
#F14B6A,#3D3C3E,#22BDAF,#BAD7D4,#F4F4F4
#092140,#024959,#F2C777,#F24738,#BF2A2A
#76D6D2,#F9E270,#EF6F56,#F4EED8,#596B56
#C1D301,#76AB01,#0E6A00,#083500,#042200
#1F8181,#F2BC79,#F28972,#BF1B39,#730240
#010A26,#011640,#B6D6F2,#FFFFFF,#E83338
#5DBEA9,#EFEDDF,#EF7247,#4E3F35,#D1CBBA
#FFA68F,#FF4867,#FFF9C8,#B5EBB9,#18B29D
#271F2E,#A4A680,#F2EBC9,#D9B166,#A66B38
#B67D14,#F2921F,#F0B23E,#A62409,#441208
#9FFF4A,#1ABF93,#087363,#004040,#2F1933
#B52C38,#EBD1B0,#536682,#D9964B,#DE6846
#26221D,#8C2C0F,#E6E5B8,#BFB38D,#402D1F
#273A3D,#54695C,#AD9970,#FFBF87,#FF8F60
#C24366,#D9C099,#FFF8D8,#A8E0BA,#00ADA7
#E37B40,#46B39D,#DE5B49,#324D5C,#F0CA4D
#762B1B,#807227,#CCBF7A,#FFEF98,#60B0A1
#CC0000,#006600,#FFFFEC,#9C9178,#6C644F
#272A2B,#383737,#473B39,#692B28,#940500
#F30B55,#010326,#012840,#54717F,#F2E6CE
#2D5F73,#538EA6,#F2D1B3,#F2B8A2,#F28C8C
#2D9993,#58B3A3,#83BFA3,#B0D9A8,#FFFCB6
#924847,#EB986C,#E4C678,#9C7885,#372C2C
#44281A,#00ACAE,#F5EFD5,#F37606,#EE4717
#113F59,#19BEC0,#20D6C7,#F3EDD3,#D54F58
#2E112D,#540032,#820333,#C9283E,#F0433A
#F9F5D0,#3CA39C,#44C2B3,#FF827D,#D65F63
#6B1229,#C76A61,#FAB99A,#F7D9B5,#CCB1A7
#105F73,#F7F3B2,#C6CC33,#F28322,#CC5404
#137072,#56B292,#B7F5AB,#FBFFC0,#BF223D
#364659,#F2F2F2,#F2D2AE,#EC8871,#EA5545
#D6C274,#DB9E46,#25706B,#3D2423,#AB362E
#BD7938,#8D4421,#643001,#532700,#3A1C00
#5F5448,#A8C545,#DFD3B6,#FCFCF9,#0092B2
#84CCC1,#EE514A,#FFFFFF,#022F32,#087070
#1D2939,#1CAF9A,#FFFFFF,#EE4F4B,#D1DC48
#C2E7F2,#F1F0E2,#D9BB93,#F25652,#3E4E59
#5C4B51,#8CBEB2,#F2EBBF,#A5C88F,#EF847B
#A1A16A,#727D59,#366353,#133C40,#03212E
#8A8CB3,#FF8C78,#8CD6B5,#FFD661,#FFF2B5
#D74B4B,#DCDDD8,#475F77,#354B5E,#FFFFFF
#324D5C,#46B39D,#F0CA4D,#E37B40,#F53855
#334D5C,#45B29D,#EFC94C,#E27A3F,#DF5A49
#637D74,#403D3A,#8C3B3B,#AB6937,#D4A960
#E3F23E,#6C821C,#A6A53F,#E0E0AC,#33302E
#6D8EAD,#1F3447,#1A0B07,#362416,#CFCDB4
#FFAA00,#C2B93E,#808F5D,#576157,#302F30
#00215E,#003CAA,#1967F7,#5E4000,#AA7400
#2A3411,#73662C,#BC9847,#FFDFB2,#6B0031
#D45354,#A9DC3A,#2FCAD8,#818B85,#CDCDC1
#2E4259,#F7483B,#ECF0F1,#03C8FA,#737373
#002A4A,#17607D,#FFF1CE,#FF9311,#E33200
#364656,#5D6B74,#94A4A5,#F2F5E9,#FF8C31
#FF0067,#FF3D6A,#E7FF04,#9CFF00,#56FF00
#052229,#004043,#BCC373,#E3FF55,#D0D90C
#BE1405,#F2DCAC,#AABEAA,#736E41,#413C2D
#F35E75,#00C5A6,#95D9C9,#F1B2A1,#F36F5E
#004358,#1F8A70,#BEDB39,#FF5347,#FD7400
#DECE6C,#FCF9B6,#BFE3B5,#5D826E,#262E2B
#213130,#FF5E3D,#C9C83E,#FDFFF1,#559398
#B1E4FC,#366D78,#39D5F1,#FFFFFF,#D9FF03
#BF2633,#A6242F,#D9CEAD,#C0B18F,#011C26
#2E112D,#540032,#820333,#C9283E,#F0433A
#FFBC67,#DA727E,#AC6C82,#685C79,#455C7B
#0C2538,#2B434F,#638270,#BCC98E,#EDE059
#403E3F,#F2F2F2,#D9D9D9,#9DAABB,#8C8C8C
#22104D,#2D1E5E,#483A85,#7067AB,#A49CFA
#520A17,#668F91,#F5E6AC,#AB8E5B,#52301C
#E85066,#F28E76,#E6CEB0,#5A8C81,#382837
#E1E6FA,#C4D7ED,#ABC8E2,#375D81,#183152
#334D5C,#45B29D,#EFC94C,#E27A3F,#DF5A49
#004B67,#41CCB4,#FFEA95,#FF7C5D,#C70151
#C12C42,#742E46,#2D2C41,#6B8D7C,#D8C19F
#004A61,#008789,#FC4349,#F0F0F0,#444444
#0A8B91,#485956,#C4B98F,#FFF9BC,#EEDF2E
#0A1C28,#41848F,#72A7A3,#97C0B7,#EEE9D1
#77A7FB,#E57368,#FBCB43,#34B67A,#FFFFFF
#0E6870,#C6B599,#C65453,#FFDDB4,#EDAA7D
#E54E45,#DBC390,#F2F2EF,#13A3A5,#403833
#DA2536,#EF525B,#EAE7D6,#24C2CB,#082E41
#CEF0B7,#A8DBA8,#79BD9A,#3B8686,#0B486B
#3C989E,#5DB5A4,#F4CDA5,#F57A82,#ED5276
#25401E,#56732C,#84A63C,#B8D943,#EAF2AC
#98C000,#3D4C53,#EA2E49,#FFE11A,#0CDBE8
#047C8C,#018B8D,#F3BF81,#F49B78,#F1706D
#252F33,#415C4F,#869C80,#93C2CC,#CEEAEE
#282828,#505050,#FFFFFF,#2DCEDB,#F20000
#244358,#4A8B87,#7CBCAE,#F0D4AF,#C5252B
#324C5D,#46B19D,#EFC94C,#E3793F,#DF494A
#37C78F,#FEE293,#FF4D38,#CC2249,#380C2A
#F5E3CD,#696158,#B6A898,#877D71,#504A43
#20736A,#8BD9CA,#B1D95B,#93A651,#403E34
#FFA136,#FF814A,#E6635A,#785D6B,#534557
#3E5916,#93A605,#F28705,#F25C05,#E5EFFA
#98FF72,#65D97D,#42A881,#1F8784,#00697D
#153641,#22556E,#4799B7,#6DB3BF,#94CFC9
#445859,#03A696,#49C4BE,#F1F2E4,#FF7746
#461F2D,#E1FFBB,#BAD47F,#849C23,#52533F
#573328,#B05A3A,#FF8548,#29332E,#0F1B1C
#2F3448,#6699A6,#FAF4EF,#F23827,#A60A0A
#FF493C,#FFFFFF,#B3ECEF,#31C4F5,#ADEB41
#003540,#0D3F40,#487360,#8FA671,#F2D795
#1A4F63,#068F86,#6FD57F,#FCB03C,#FC5B3F
#475556,#568A7E,#ACC29C,#F4EDB6,#7B564E
#005151,#009393,#F56200,#454445,#969692
#332F45,#015770,#2A8782,#9FD6AE,#FFFED2
#47282C,#8C8468,#C9B37F,#DBDAB7,#C4C49C
#012840,#79C7D9,#9BF2EA,#497358,#9DBF8E
#0F1E32,#013859,#FFFFF8,#EB3E4A,#21BEDA
#8B929C,#5E6070,#514454,#3B313D,#FF2479
#2C4A47,#6C9A7F,#BB523D,#C89D11,#81810B
#EAD177,#D95B45,#C12940,#552437,#52787B
#14191A,#2D2B21,#A69055,#CCB287,#FFB88C
#4FC5C7,#97EC71,#DBF977,#DE9DD6,#FA6E86
#00748E,#E3DFBB,#F4BA4D,#E3753C,#DA3B3A
#0F1C28,#136972,#67BFA7,#F3CF5B,#F07444
#435A66,#88A6AF,#F5F2EB,#D9CDB8,#424342
#2F2D30,#656566,#65537A,#51386E,#2A2333
#4D1B2F,#9E332E,#EB6528,#FC9D1C,#FFCA50
#333A40,#4C5E5E,#ADD0E5,#CDE4FF,#729EBF
#D95F47,#FFF2C1,#80A894,#106153,#072C36
#03013A,#334A94,#6B9EDF,#83C3F2,#99E6FF
#7C9B5F,#B8D197,#E3FFF3,#9BDEC7,#568F84
#FF3B16,#E87826,#E8BA4A,#80A272,#003045
#312F40,#49A69C,#EFEAC5,#E89063,#BF5656
#FE4365,#FC9D9A,#F9CDAD,#C8C8A9,#83AF9B
#D94214,#FFF2C1,#80A894,#52736B,#093844
#03658C,#022E40,#F2B705,#F28705,#F25C05
#23A38F,#B7C11E,#EFF1C2,#F0563D,#2E313D
#3B596A,#427676,#3F9A82,#A1CD73,#ECDB60
#F0F1F2,#232625,#647362,#FF5629,#D2D9B8
#E37B40,#46B39D,#DE5B49,#324D5C,#F0CA4D
#212A3F,#434F5B,#F2F2F2,#8AB839,#2E2E2E
#104A57,#91BEAE,#FFCD55,#FA6A31,#424242
#1E1E1F,#424143,#67666A,#807F83,#CBC9CF
#72CF3F,#85FF00,#23E000,#2FB81B,#00FF1C
#114454,#0E3142,#165751,#3B8D61,#94BF6E
#ECEEE1,#A8DACF,#F05B4F,#D8403A,#221E1F
#919C86,#9E373E,#2B2E36,#D1B993,#C45A3B
#D7E8F7,#BBD0E3,#9CB7CF,#6A8BAB,#375D81
#158000,#199900,#20BF00,#24D900,#29FF00
#E04946,#3BA686,#B6D15D,#FFD495,#FA847E
#381C19,#472E29,#948658,#F0E99A,#362E29
#00293E,#003D4E,#006269,#00918F,#00BAB5
#032843,#1F595B,#508C6D,#71A670,#A6DB89
#9E352C,#E6E8A9,#93C28C,#2E5A5C,#2B2623
#991C00,#E09A25,#FFFCDB,#008B83,#262B30
#00305A,#004B8C,#0074D9,#4192D9,#7ABAF2
#FFEEB0,#9AE8A4,#C7C12D,#F76245,#ED1C43
#F29727,#E05723,#B0382F,#982E4B,#713045
#FFFAED,#D4DBFF,#879AC9,#242942,#FF8800
#FF5B00,#A1716C,#728296,#439AAB,#00CABD
#132537,#006C80,#EBCAB8,#FE8315,#FA3113
#F21E52,#FFFFFF,#3D3B42,#0C6F73,#63CFD4
#022840,#013440,#517360,#9DA67C,#F2DC99
#FFBC67,#DA727E,#AC6C82,#685C79,#455C7B
#1C2640,#263357,#384C80,#4E6AB3,#5979CD
#FF8840,#958D4F,#737B55,#595540,#513E38
#323A46,#22282F,#EB4A33,#FFFFFF,#E9F0F5
#D94214,#FFF2C1,#80A894,#52736B,#093844
#2D6891,#70A0BF,#F5EEDC,#DC4C1A,#F0986C
#577867,#EDCE82,#D68644,#AB3229,#662845
#BF4E6C,#F2676B,#F5CC70,#5992C7,#325982
#353230,#3F4E51,#7B8F70,#99B2BE,#F6F4EA
#FF2468,#E0D4B1,#FFFFE3,#00A5A6,#005B63
#4E0805,#9E0522,#FFF4D4,#B8C591,#447622
#9D805A,#EBC99D,#FFE6C5,#9DCEEA,#4B809E
#D9304F,#1A3140,#659FA6,#F2D6A2,#F2786D
#004158,#026675,#038B8B,#F1EEC9,#F09979
#F3BD8D,#F1A280,#BE6D6B,#704A5B,#3E263C
#FFEBB0,#FFB05A,#F84322,#C33A1A,#9F3818
#F04C16,#DBDBD0,#EDBD1F,#4CB09C,#313B4A
#059E9A,#F4F2ED,#F5A243,#DB3E3B,#585857
#1E2422,#88BEB1,#FF006D,#DAFFFF,#718A94
#698B71,#F4EA8C,#D7CA83,#D9A475,#725054
#332525,#907465,#EDC5B5,#878C6D,#63674A
#191724,#4C4547,#8C594E,#D18952,#FDB157
#A31180,#C42795,#DE52B4,#EA88CE,#FFBFE5
#063559,#0D8C7F,#8FBF4D,#F2D13E,#D95929
#6D9E99,#87A997,#FFFFFF,#ECDBD4,#D49EA2
#00FFFF,#00FF00,#FFFF00,#FF5100,#FF007C
#66B3A7,#C0D4B6,#EEF0BD,#F0563D,#2C2F3B
#59323C,#260126,#F2EEB3,#BFAF80,#8C6954
#248077,#74AD8D,#C82754,#F7BB21,#F9E2B7
#404A69,#516C8A,#8AC0DE,#FFFFFF,#FFAC00
#03497E,#0596D5,#9DEBFC,#999999,#FE4B28
#2C3E50,#FC4349,#6DBCDB,#D7DADB,#FFFFFF
#FAAD63,#D1714D,#785E48,#39403B,#3D1C24
#449BB5,#043D5D,#EB5055,#68C39F,#FFFCF5
#1A2A40,#3F7369,#F2DEA0,#CE5251,#EA895E
#485B61,#4B8C74,#74C476,#A4E66D,#CFFC83
#C0272D,#FCFBE7,#9FD3DA,#008C9A,#05484F
#1A1F2B,#30395C,#4A6491,#85A5CC,#D0E4F2
#5C4B51,#8CBEB2,#F2EBBF,#F3B562,#F06060
#02151A,#043A47,#087891,#C8C8C8,#B31D14
#A20E30,#E93C4F,#DCDCD4,#ADBCC3,#2D4255
#001A2E,#8F0000,#FFFFFF,#8A874B,#41594F
#59361F,#5C992E,#A3CC52,#E6E673,#FF5933
#191919,#182828,#60702D,#AAB232,#E6FA87
#023059,#3F7EA6,#F2F2F2,#D99E32,#BF5E0A
#011526,#011C40,#4E8DA6,#F2EA79,#F2B33D
#282624,#BFB7AA,#403D39,#807A71,#ABA398
#EF6FB5,#DB46A3,#5D65A7,#04AFDA,#0DCEEE
#225B66,#17A3A5,#8DBF67,#FCCB5F,#FC6E59
#3B3013,#8F6031,#E88833,#9C0C0A,#FDF3C1
#1E9382,#70A758,#EFF1C2,#F0563D,#2E313D
#2B211D,#611C26,#C5003E,#8EB7A8,#F1E4B7
#334D5C,#45B29D,#EFC94C,#E27A3F,#DF4949
#FF6C0D,#F29E00,#E6C10F,#44996F,#216273
#7DBEA5,#F1E0B1,#EE9D31,#F26C1A,#5A392B
#CF5B6F,#FFF8C8,#CAD9B1,#8FB3A0,#648991
#005572,#006573,#008B8D,#81BEAA,#F4D4AD
#893660,#EF7261,#68D693,#A0D7E2,#299CA8
#BF0436,#8C0327,#590219,#F2CBA1,#8C674C
#1A3838,#3F7A51,#82A352,#D1C062,#FFBE59
#331A0F,#519994,#BA4B3C,#EEDDAA,#789F63
#5C2849,#A73E5C,#EC7263,#FE9551,#FFD285
#2A3B30,#ABFFD1,#EBFFF5,#9DFEFF,#273B40
#00182E,#0C6BA1,#D4D6D4,#FFFDEB,#FF7500
#3E8A90,#5A4E5B,#DC5172,#DB9C67,#FEE2B3
#47191C,#59574B,#829690,#B5B09A,#E1E3CB
#FFBC6C,#FE9F6C,#BD716E,#74495F,#3B2C4D
#F7F6AF,#1B2124,#D62822,#97D6A6,#468263
#FFFFFF,#4EA9A0,#969514,#FE9C03,#FCDE8E
#2A3A48,#3E6372,#B2D4DC,#FAFAFF,#FF6900
#EA5930,#F8AF1E,#F5E5C0,#097380,#372560
#341D44,#744D90,#BB8CDD,#3E4417,#88904D
#65356B,#AB434F,#C76347,#FFA24C,#519183
#F2B3BF,#F2F2F2,#BAD9D0,#8C715A,#D98484
#2F4159,#465E73,#88A649,#F2ECE4,#D98841
#92819F,#C49BA8,#E7A5A0,#FFBB85,#FFD77A
#432852,#992255,#FF3D4C,#28656E,#00968F
#78BF82,#A4D17C,#CFD96C,#EBD464,#FFD970
#1F518B,#1488C8,#F7E041,#E2413E,#B5292A
#E64D2E,#FFF5F1,#7893AD,#576B9C,#2D2A52
#024959,#037E8C,#F2EFDC,#E74C30,#363636
#444344,#52BBB2,#2B344D,#EE5555,#F8F7EE
#A1172D,#FDFFBA,#A7DB9E,#275C57,#1F1B19
#372A26,#4D4D4D,#6DA0A7,#9ED5A8,#C7F5FF
#CFF9FF,#BFC7BB,#787051,#332730,#57324F
#37465D,#F2F2F2,#9DC02E,#779324,#051A37
#1BA68C,#97BF3F,#F2ECD8,#F2B035,#F2522E
#B0DAFF,#325B80,#64B7FF,#586D80,#5092CC
#D88681,#A67673,#746566,#535A5D,#324F54
#1BA68C,#54BFAC,#F2EDA7,#F2E530,#D94625
#42342C,#738076,#B2B39B,#DFE5E1,#294359
#23A38F,#B7C11E,#EFF1C2,#F0563D,#2E313D
#CC3333,#FF9D33,#F7F7F0,#3EBBA7,#00747A
#649670,#36291E,#69AD6C,#92E67C,#C5FF84
#1C2F40,#4C6173,#8094A6,#D9D1BA,#F2E9D8
#2E112D,#540032,#820333,#C9283E,#F0433A
#081724,#589494,#8EBBB4,#D0DCD0,#F5EED2
#04496E,#66CAFF,#A3FC7E,#70D44A,#2C6B0F
#627369,#99B397,#E2F2C6,#91CCAD,#376266
#474143,#A69E9D,#E7E2DA,#FFFFFF,#E7E8E7
#A7C7C5,#09504F,#172A40,#FFF7DC,#D9383A
#FF0012,#FF7D00,#FFD900,#5BE300,#0084B0
#43212E,#D9666F,#F2D57E,#A9A688,#516057
#4A8279,#003330,#610400,#003B06,#02730F
#8A7D6D,#2D2D38,#E86E48,#FFFFE8,#9CC9C9
#FC297D,#FB607A,#FDA286,#FDC188,#FEE78A
#806265,#FFA256,#F7DD77,#E0D054,#ABA73C
#CFC949,#FFF5BF,#A9E6C4,#6AB39F,#665841
#5C4B51,#8CBEB2,#F2EBBF,#F3B562,#BD6060
#0D3E58,#1C848C,#19C0C2,#F3EDD6,#DA6260
#534C64,#B7DECF,#F0F3D7,#7E858C,#D96557
#2D6C73,#3FA693,#B4D9CB,#9ABF49,#C6D93B
#A63343,#E65159,#F5E9DB,#F4F7CF,#BAD984
#DE5605,#F7A035,#B1DEB5,#EFECCA,#65ABA6
#14151C,#0C242B,#297059,#84D66E,#D1FB7A
#282828,#00AAB5,#C1C923,#F41C54,#F5F0F0
#040002,#3D1309,#E8B96A,#BC5D15,#5C0F00
#415457,#5F7B7F,#9ACCAF,#E6EBC4,#F9F7C8
#450003,#5C0002,#94090D,#D40D12,#FFED75
#011526,#025959,#027353,#03A678,#03A696
#69B5E1,#D4E4F5,#EAF2F8,#BEDBED,#000000
#212625,#9CA6A2,#D0D9D6,#BF0404,#C2C6AF
#FF4D41,#F2931F,#E6CA21,#91B321,#1E8C65
#1C2742,#3C91C7,#5A9ABE,#95C5DE,#E0EEFB
#7D8C22,#B3BF67,#F2E49B,#D9DFF4,#6791BF
#683820,#8C9A89,#E7D6A2,#BEAA65,#9A8234
#589373,#BFBD99,#F2D6B3,#C2512F,#241E1E
#98CACB,#FDEFBE,#F0542B,#736E5B,#ABA68E
#2E112D,#540032,#820333,#C9283E,#F0433A
#F24C32,#F29471,#FCDFA6,#36B898,#3D7585
#F9F9F9,#03A678,#E9EDEB,#F44647,#00707F
#C10250,#03BCC0,#D2D945,#FCB040,#FF5850
#293540,#79BDE0,#E1EBF5,#FFFFFF,#FF530D
#302821,#453629,#5C4837,#8A735F,#BDA895
#F2F1EB,#BFB9A4,#262222,#802A30,#8C0303
#FF0000,#FF4000,#FF7F00,#FFBF00,#FFFF00
#00CCFF,#A1FCFF,#040438,#004878,#C9FAFF
#141F26,#2B4040,#405950,#A69E86,#F2D9BB
#F0F0F0,#1C1C1C,#A2FDF5,#1CCDC7,#27EDDF
#0D2557,#93A8C9,#FFFFFF,#F5DED5,#558D96
#11A7FC,#95D127,#F2E415,#FF8638,#EE3551
#DC941B,#EDC266,#B6952C,#E1D3A6,#E9A119
#580022,#AA2C30,#FFBE8D,#487B80,#011D24
#5A4B53,#9C3C58,#DE2B5B,#D86A41,#D2A825
#FFBF41,#EE8943,#C02221,#FFF4D3,#249CA9
#D7E836,#86FFC7,#FFB048,#E8366C,#593BFF
#45334A,#796B7D,#CCC4B0,#FFF1B5,#FFA3A3
#50781C,#9CAD1C,#EAF7E6,#40A5DE,#0B5191
#334D5C,#45B29D,#EFC94C,#E27A3F,#DF4949
#FFECA1,#B3B27F,#4C5E52,#2F3436,#FFBE2C
#C21F1F,#FFFFFC,#E34446,#FFFFDB,#E36D6F
#2E031F,#590424,#8C072B,#BF0A2B,#DEEFC5
#E6344A,#0B5379,#04779B,#FEFEFE,#FBB351
#323836,#BAD1B5,#DBE8CF,#F0F7E8,#FFFEF5
#477984,#FEF5EB,#C03C44,#EEAA4D,#313E4A
#00736A,#00BC9F,#F1EEC7,#FEA301,#F2561A
#805939,#BD9962,#E6CD7D,#578072,#2D4B4D
#5F1A2B,#1D2834,#6F8B78,#E4D49E,#C96466
#595408,#A6800D,#A66D03,#A63F03,#730C02
#261A10,#402D1C,#A68B6A,#D6B486,#F2F2F2
#BF495E,#41A693,#F2EC9B,#D9CF48,#D9583B
#2C2B33,#596664,#909980,#CCC08D,#FF8A00
#F53C4A,#565157,#10CFC8,#F2EEE7,#F5D662
#091928,#588F94,#7FAEA8,#CCDACD,#F5EED2
#007148,#60A859,#9BDA6A,#C7F774,#F9FFEF
#E0C882,#A6874E,#BFA169,#D9B779,#F2D399
#800000,#BF0000,#E2D6C2,#F6EDD8,#FFFFFF
#092140,#024959,#F2C777,#F24738,#BF2A2A
#99878D,#323232,#646464,#7E4A5C,#372129
#051E21,#00302D,#856434,#F28C28,#FFAD4E
#828948,#EFDFC2,#006971,#DC533E,#840000
#ACCBBC,#467847,#E8E4C1,#A60303,#730202
#000137,#29003F,#79003D,#D04D14,#F89801
#DEBB73,#4D0017,#010000,#4D0F30,#9A002F
#272D40,#364659,#55736D,#9DBF8E,#D0D991
#5C4B51,#8CBEB2,#F2EBBF,#F3B562,#F06060
#0770A2,#82D9F7,#FEFEFE,#AEC844,#F36622
#537F79,#78A68F,#CBD49C,#FED457,#CB252A
#191E34,#0D4C57,#00797D,#41A48E,#FFFFD2
#083157,#0A6C87,#459C97,#92CCA5,#C9F0B1
#5A0532,#FF6745,#FFC861,#9DAE64,#27404A
#0D1F36,#104954,#1E9C89,#38CC85,#60EB7B
#133046,#15959F,#F1E4B3,#EC9770,#C7402D
#4B1E18,#F9E5C2,#BBB082,#829993,#4F5D4E
#D94214,#FFF2C1,#80A894,#52736B,#093844
#30394F,#FF434C,#6ACEEB,#EDE8DF,#0E6569
#FCFFF5,#D1DBBD,#91AA9D,#3E606F,#193441
#FFD97B,#E65029,#A60027,#660033,#191C26
#DFD7B7,#EB7707,#5C5445,#3B2323,#9CBFC7
#021B21,#032C36,#065F73,#E8DFD6,#FF2A1D
#53324F,#668D6E,#F2E0A0,#F19B7A,#F0756E
#1D8281,#44BF87,#FBD258,#F29A3F,#DB634F
#26282E,#AD5138,#F7F7F7,#DDDAE0,#8594AE
#730324,#DFE3E6,#B4C4D4,#8BA2BD,#456382
#F4EFCC,#B4B197,#757261,#35342C,#DBD6B7
#231921,#695F74,#BEB4CB,#EBEBF0,#D2DCEB
#F23C13,#CBAB78,#FFFFFF,#898373,#1F1C17
#FFFFFF,#74ADA6,#1E5E6F,#241B1F,#68A81E
#067072,#14A589,#DECFA6,#BAAE8C,#F94B06
#D9B500,#FFED9C,#BFCC85,#748F74,#454545
#008767,#FFB27A,#FF6145,#AB2141,#5E1638
#7BBADE,#93DE7F,#FFED5D,#F29E4A,#FF7050
#133800,#1B4F1B,#398133,#5C9548,#93E036
#EB9328,#FFA754,#FFD699,#FFF5DC,#4FA6B3
#035C75,#1B808C,#31A6A8,#F3F1BC,#F3AD14
#324143,#6595A3,#C8E3E8,#FCFFED,#B6C28B
#345391,#9B9EA3,#D3D6DB,#F4F4F4,#4E5259
#7B9588,#C1D1BE,#D1E1D4,#FFFAE6,#FEDCB6
#025E73,#037F8C,#D9D59A,#D9BD6A,#590202
#636266,#E0CEA4,#E8A579,#7D6855,#42403E
#D93312,#B3AB82,#45735F,#394D47,#2C3233
#1A191F,#35352F,#484042,#4E5252,#E64D38
#384D3A,#3E6653,#728053,#A68357,#D97C71
#33454C,#608F85,#B6E5CB,#8BAF95,#54584E
#3A3F40,#202627,#151B1E,#EFF4FF,#41444D
#727B7F,#CCEAEA,#7A7556,#2E2125,#44CACC
#9E9E9E,#E5E1D1,#E0393D,#253746,#425563
#88B59E,#B6DEC8,#39464D,#C04229,#ABD1AB
#9FB1BF,#1D2D63,#1C5357,#1F6E56,#196331
#DA3537,#FFFCC4,#00585F,#6A6A61,#2A2C2B
#8C4E03,#9FA66A,#F2EC94,#F23005,#8B0F03
#2E112D,#540032,#820333,#C9283E,#F0433A
#344059,#465973,#F2D272,#A69460,#595139
#FFEBBA,#C3BD91,#88947B,#4C3F3F,#2A2727
#34373F,#686C75,#F3E9D0,#BEB7A7,#8E867C
#00427F,#0066BD,#66B5CC,#F0E4C5,#D6C28F
#A8E6CF,#DCEDC1,#FFD3B6,#FFAAA5,#FF8B94
#000001,#20201F,#E2E2E4,#590402,#B80000
#E2FFA0,#7D8076,#FAFFED,#C2CCBE,#8F7D70
#FF6313,#F9E4B3,#C29689,#74474B,#45232E
#A2C1C6,#86B1B7,#AECBAD,#CFDCB0,#D6E1D1
#FFFFED,#FF2C38,#FF9A3A,#FFF040,#67D9FF
#BF2431,#F24150,#2A4557,#3B848C,#EFF2E4
#D9D7AD,#91A685,#FF6A00,#37485C,#1C232E
#363636,#0599B0,#A4BD0A,#FFA615,#FF2E00
#012326,#17455C,#E1CAAB,#FE8333,#FA4913
#402B3C,#6AA6A6,#D9CCA7,#F2B263,#F26835
#404040,#024959,#037E8C,#FFFFFF,#F24C27
#737373,#F2EDE4,#F2CDC4,#BF988F,#C4C9CF
#105187,#2C8693,#F0F1D5,#F19722,#C33325
#FD9F44,#FC5C65,#007269,#03A679,#FAF0B9
#103B73,#20638C,#3786A6,#4EABBF,#EBEFF2
#004056,#2C858D,#74CEB7,#C9FFD5,#FFFFCB
#49454A,#E69B02,#FAF4C6,#B1D631,#324052
#BFB978,#84945C,#516967,#4D3130,#281B24
#FF0894,#FF5E9F,#FF91A7,#FFB5CA,#F5F0BA
#DFE0AF,#A4BAA2,#569492,#41505E,#383245
#00585F,#009393,#FFFCC4,#C7C49B,#EB0A00
#DCE6DA,#B8CCBB,#98B3A5,#7A9994,#62858C
#AE3135,#D1AF87,#8C826B,#3D3C33,#F2F0CE
#537374,#F9BD7F,#EBD7A5,#ADC9A5,#5C9E99
#0B0D0E,#137074,#7EB7A3,#F1DDBB,#EC6766
#FF7500,#665130,#EBB643,#CEDAA8,#668E84
#011C41,#F2E8C3,#F5A219,#F27612,#DA2A04
#03588C,#1763A6,#419CA6,#54BF83,#8DBF41
#3B0030,#F53A33,#FF9130,#FEDD55,#128C87
#F4FAC7,#7BAD8D,#FFB159,#F77F45,#C2454E
#02547D,#0284A8,#02BEC4,#A9E8DC,#E1F7E7
#ADDCCA,#DCEBC2,#FED2B7,#F7A8A4,#F58A94
#1B1B26,#26394D,#286480,#13B3BF,#A3FF57
#134B57,#81A489,#F1D8B5,#F2A054,#C04D31
#661510,#D9351A,#F2C76F,#BF9727,#204D3F
#347373,#4EA6A6,#91D9D9,#FFFFFD,#F2E205
#FFBC67,#DA727E,#AC6C82,#685C79,#455C7B
#39588A,#A9BDD7,#FFFFFF,#FFEADD,#FFD0BB
#FF6138,#FFFF9D,#BEEB9F,#79BD8F,#00A388
#9E1B36,#F7EDBA,#E69B3D,#EB3355,#3D241D
#CBA135,#B07418,#FFFFFF,#333333,#000000
#5CBBE3,#FCF1BC,#5C8182,#383A47,#B4F257
#022525,#03554F,#E9DBAE,#FAAF06,#0B1919
#1A2944,#2DA7C7,#56ACBA,#98C4C9,#CBD5D2
#B30028,#FFE6CF,#FFFFFF,#22788D,#4E3C35
#0B1C29,#3B7C8F,#73A5A3,#98C1B7,#F0EBD2
#B70046,#FF850B,#FFEBC5,#109679,#675A4C
#FF8400,#3B4044,#494948,#E6E1D8,#F7F2E9
#181D3A,#204260,#FFB766,#FFA237,#EB3D00
#074358,#458985,#D7D6A5,#DBA67B,#A55C55
#2A3342,#163C6E,#4E5F61,#E6A015,#EDE7BE
#4A485C,#353241,#6385A7,#D9D0C7,#D79691
#0F808C,#6C8C26,#F2A71B,#F26A1B,#D91818
#F6CB51,#E25942,#13A89E,#3F4953,#F2E7DA
#1B2C35,#A3BFC6,#FF005D,#222A30,#293A42
#9B2D1E,#3C3A28,#78A080,#9BCD9E,#FFFFAE
#4D9453,#FFFFB1,#ADDE4E,#FF9D27,#A62A16
#001028,#033140,#1E5A5B,#7BA78C,#EBEDC6
#17162F,#89346D,#C76058,#FFB248,#E8C475
#BF112E,#02173E,#13A399,#F5941C,#F16541
#BF3952,#59364A,#556D73,#D9D1A9,#D95F5F
#002A4A,#17607D,#FFF1CE,#FF9311,#D64700
#F2C2A7,#F5E5C5,#593D28,#422C21,#93DEDB
#102144,#1B325E,#254580,#3C63B0,#5D8AEA
#4BBCF6,#98E466,#FBEF69,#FA6666,#FFFFFF
#F2EAE7,#F1B6AE,#8A7F7D,#B2DBCD,#FFFFFF
#6AA690,#F2BC1B,#F2DC99,#F29057,#BF1F1F
#2C3E50,#FC4349,#D7DADB,#6DBCDB,#FFFFFF
#7D8077,#BBBFB2,#FAFFED,#E82A33,#E3DEBC
#BF3542,#CDC5BA,#EBE3D6,#3C3C3C,#2E2E2E
#233656,#415B76,#7B9BA6,#CDD6D5,#EEF4F2
#024959,#037E8C,#F2EFDC,#E74C30,#363636
#69F4BD,#319589,#344D6C,#372650,#3E1B3C
#091840,#44A2FF,#F7F7EA,#B3CC63,#4C6620
#4E3C51,#21A68D,#3BBF9A,#F2E8B6,#F25749
#FFEAA7,#D9D697,#9FC49F,#718C6A,#543122
#946E49,#394042,#EDDBAC,#872A0C,#BA8E3A
#282F36,#FFFEFC,#BDA21D,#BFBC5B,#D2E098
#272D40,#364659,#55736D,#9DBF8E,#D0D991
#000623,#28475C,#4A6C74,#8BA693,#F0E3B1
#686B30,#AB9A52,#E8BA67,#D68F4F,#BA512E
#B0B595,#615F4F,#828567,#91A380,#EAFFCD
#0C2233,#065471,#0A91AB,#FFC045,#F2F2F2
#8A9126,#B7BF5E,#FFE9C4,#F5B776,#F58E45
#1B5257,#F7F6C3,#F28159,#CC5850,#4F1C2E
#112F41,#068587,#4FB99F,#F2B134,#ED553B
#2E0927,#D90000,#FF2D00,#FF8C00,#04756F
#D8A64D,#9B5422,#351411,#5B0D0D,#991C11
#073A59,#2D9AA6,#F2E2DC,#F23322,#A61B1B
#2C3E50,#E74C3C,#ECF0F1,#3498DB,#2980B9
#FFFFFF,#00FFAD,#00FFFF,#00B0FF,#0B75D9
#00546B,#75B08A,#F0E797,#FF9D84,#FF5460
#8C182D,#DE7140,#FCB95A,#FAE285,#6A7349
#6B9100,#FFE433,#FF841F,#E03D19,#A6001C
#2F344F,#F6586A,#FFFFFF,#00C5A1,#FFD64F
#3C989E,#5DB5A4,#F4CDA5,#F57A82,#ED5276
#FFFEC8,#B1BF99,#5B604D,#39382B,#26181E
#2DEBA2,#91F57F,#EBAA69,#E70049,#2B0027
#FFF1BF,#F20058,#FFAEAC,#000001,#7D7A96
#1E1E1F,#424143,#67666A,#807F83,#CBC9CF
#113A52,#00C3B6,#FFFFFF,#EEEEEE,#00C3B6
#E54E45,#DBC390,#F2F2EF,#13A3A5,#403833
#261C2B,#292B39,#226468,#608D80,#829D8F
#2A3A48,#3E6372,#B2D4DC,#FAFAFF,#FF4B00
#040B27,#6B8A78,#F3F0CD,#F1DEA3,#F2B974
#A6FFBC,#4ACFAF,#00A995,#006161,#003D4C
#FAA51B,#BF511F,#2C445E,#2F6D82,#5EE4EB
#F69A9A,#EF4566,#F9CDAE,#C8C8A9,#83AE9B
#D88260,#F4E9B4,#80D99D,#183240,#172333
#30394F,#FF434C,#6ACEEB,#EDE8DF,#0E6569
#FDFFC6,#F2F096,#FF0080,#DE0049,#521218
#6B151D,#2E1615,#A8553A,#DB8F5A,#F2C18E
#031727,#126872,#0B877D,#18C29C,#88F9D4
#C2E7F2,#F1F0E2,#D9BB93,#F25652,#3E4E59
#E5E6D3,#B58389,#E19E95,#3F1C29,#65324B
#086B63,#77A490,#E2D8C1,#BFAE95,#7C7159
#1E1B17,#577270,#9C9A79,#C7BDA1,#580E0C
#6494BF,#1B2833,#3C5973,#436380,#2F4559
#2C3E50,#FC4349,#D7DADB,#6DBCDB,#FFFFFF
#60807B,#81B37A,#BCCC5F,#FFEE65,#E64964
#7F7364,#CBB08E,#CBC1B7,#789DCB,#646F7F
#56B9D0,#FEFEFE,#FBBA42,#F24C27,#3B3F42
#3C3658,#3EC8B7,#7CD0B4,#B9D8B1,#F7E0AE
#544E6E,#808CB0,#ABD1D9,#D9FFF7,#DDF556
#000515,#252C3F,#6D909C,#F0EBDF,#EA8859
#E5FF1E,#A9D943,#75A660,#698070,#494D4B
#432852,#992255,#FF3D4C,#28656E,#00968F
#FF9480,#E85349,#FFEFA3,#00A178,#2C656B
#260612,#400822,#591139,#BFAC9B,#404040
#587E8C,#F2EEAC,#F2C288,#F28F79,#D96666
#A2D9B1,#7CBF9E,#F2F1B9,#8C8575,#193741
#384E66,#661E3B,#B8442F,#E87F2C,#C4B44D
#221A26,#544759,#A197A6,#F27405,#D93D04
